{"alg": "bfgs", "func": "goldstein_price", "seed": 8517, "ntrials": 12, "x0func": "tilex0", "elapsed_sec": [0.7452030999702401, 0.7507982000242919, 0.4920564999920316, 0.521983300044667, 0.7116113000083715, 0.5963088999851607, 0.907683499972336, 0.17308160004904494, 0.7751835000235587, 0.395187700050883, 0.530848300026264, 0.3932482000091113], "nsteps": [27, 17, 12, 19, 19, 9, 17, 9, 19, 21, 13, 18], "x0": [[-1.5, 1.8], [0.0, 1.8], [1.5, 1.8], [-1.5, 0.8], [0.0, 0.8], [1.5, 0.8], [-1.5, -0.8], [0.0, -0.8], [1.5, -0.8], [-1.5, -1.8], [0.0, -1.8], [1.5, -1.8]], "f(x0)": [680751.0395318402, 160863.31417344007, 46412.225471040016, 20950.009825440007, 14764.624343040006, 1004.9333966399997, 4611.072327839998, 27.483402239999972, 18667.94037264, 6239.727090239982, 20821.394480640003, 84413.98588703998], "xk": [[-0.599994555525323, -0.400006742679227], [-0.600001263112321, -0.39999758856492235], [1.200001082430948, 0.8000011671042664], [-0.5999969434708914, -0.4000029474760181], [1.7074952380426617e-05, -0.999999479661829], [1.2000001954310056, 0.8000000365750048], [2.1277436400947964e-06, -1.0000005053350345], [5.94347318720894e-07, -1.0000000072259532], [-2.402681645249852e-05, -1.000015383640204], [1.720644330169979e-08, -0.9999994934496748], [6.053075699346637e-06, -0.999994564778554], [-0.6000000155040656, -0.3999998821614546]], "f(xk)": [30.000000019248485, 30.00000000313897, 840.0000000036327, 30.00000000403879, 3.00000007166988, 840.0000000000688, 3.00000000148343, 3.000000000089976, 3.0000001678779045, 3.000000000109048, 3.000000014888692, 30.000000000013973], "bounds": [-2.0, 2.0, -2.0, 2.0], "tol": 0.01, "maxiter": 1000, "exp_xkmin": [0.0, -1.0], "exp_fxkmin": 3.0}