{"alg": "bfgs", "func": "rosenbrock", "seed": 8517, "ntrials": 12, "x0func": "tilex0", "elapsed_sec": [0.20984269998734817, 0.200606600032188, 0.2113223999622278, 0.23579220002284274, 0.37167199997929856, 0.3929224000312388, 0.6220600000233389, 0.18163750000530854, 0.18431730003794655, 1.0114790000370704, 0.3687359999748878, 0.6259203999652527], "nsteps": [35, 19, 17, 30, 24, 26, 38, 19, 14, 52, 30, 41], "x0": [[-1.5, 1.8], [0.0, 1.8], [1.5, 1.8], [-1.5, 0.8], [0.0, 0.8], [1.5, 0.8], [-1.5, -0.8], [0.0, -0.8], [1.5, -0.8], [-1.5, -1.8], [0.0, -1.8], [1.5, -1.8]], "f(x0)": [26.499999999999996, 325.0, 20.499999999999996, 216.5, 65.00000000000001, 210.5, 936.4999999999999, 65.00000000000001, 930.4999999999999, 1646.5, 325.0, 1640.5], "xk": [[0.9999481110972913, 0.9998907170730676], [1.0000128136340698, 1.0000247420071264], [1.000006825033759, 1.000013727307209], [0.9997229819038334, 0.9994486948170762], [0.9999683972541851, 0.9999355879280436], [0.9947997050947835, 0.9896062879642129], [0.9997717882597933, 0.9995507172574876], [0.9998990366368353, 0.9997789115296328], [1.0016040232543533, 1.0032105862214729], [1.0001911259794518, 1.0003650543305684], [0.9996010546309173, 0.9991857543301941], [1.0001114754023335, 1.0001990101028202]], "f(xk)": [5.726059700690843e-09, 2.425869969951726e-10, 4.717696343026447e-11, 7.74435407308941e-08, 1.1445582616775764e-09, 2.7083731003201403e-05, 5.710550460352951e-08, 4.69499199832145e-08, 2.5728907105829255e-06, 6.62307584091417e-08, 1.8642892122110023e-07, 6.98020023563907e-08], "bounds": [-2.0, 2.0, -2.0, 2.0], "tol": 0.01, "maxiter": 1000, "exp_xkmin": [1.0, 1.0], "exp_fxkmin": 0.0}