{"alg": "gradient_descent", "func": "goldstein_price", "seed": 8517, "ntrials": 12, "x0func": "tilex0", "elapsed_sec": [68.08210429997416, 2.266784399980679, 20.228908399993088, 65.86099419998936, 16.35915410000598, 4.379319200001191, 8.731851300050039, 8.546753100003116, 19.64620619994821, 66.10958779999055, 14.681428399984725, 10.50682400004007], "nsteps": [20000, 441, 4512, 20000, 2069, 505, 1792, 1818, 3874, 20000, 2210, 1797], "x0": [[-1.5, 1.8], [0.0, 1.8], [1.5, 1.8], [-1.5, 0.8], [0.0, 0.8], [1.5, 0.8], [-1.5, -0.8], [0.0, -0.8], [1.5, -0.8], [-1.5, -1.8], [0.0, -1.8], [1.5, -1.8]], "f(x0)": [680751.0395318402, 160863.31417344007, 46412.225471040016, 20950.009825440007, 14764.624343040006, 1004.9333966399997, 4611.072327839998, 27.483402239999972, 18667.94037264, 6239.727090239982, 20821.394480640003, 84413.98588703998], "xk": [[NaN, NaN], [1.2000041052582988, 0.8000025208186974], [1.79995991752399, 0.19997337070980892], [NaN, NaN], [-0.5999839000035705, -0.4000153719635403], [1.2000041311384482, 0.8000025367102889], [-0.6000161052333121, -0.3999846232216998], [2.245640348682181e-05, -0.9999894772916363], [2.2393724314124358e-05, -0.999989510406653], [NaN, NaN], [2.2407063206808827e-05, -0.9999895041351757], [-0.6000160809509727, -0.39998464640558634]], "f(xk)": [NaN, 840.0000000239203, 84.00000024038768, NaN, 30.000000110965548, 840.0000000242226, 30.000000111051857, 3.0000001238719225, 3.000000123165614, NaN, 3.0000001233124896, 30.00000011071722], "bounds": [-2.0, 2.0, -2.0, 2.0], "alpha": 1e-05, "tol": 0.01, "maxiter": 20000, "exp_xkmin": [0.0, -1.0], "exp_fxkmin": 3.0}