{"alg": "gradient_descent", "func": "rosenbrock", "seed": 8517, "ntrials": 12, "x0func": "tilex0", "elapsed_sec": [8.757926299993414, 11.684977500000969, 12.539261300000362, 12.903217200015206, 11.926238499989267, 7.412595300003886, 12.406459200021345, 10.579239699989557, 12.52020160004031, 12.640030500013381, 13.20068229996832, 12.440083800000139], "nsteps": [9577, 8279, 10122, 8964, 8305, 4242, 8194, 8319, 8414, 8288, 8322, 8350], "x0": [[-1.5, 1.8], [0.0, 1.8], [1.5, 1.8], [-1.5, 0.8], [0.0, 0.8], [1.5, 0.8], [-1.5, -0.8], [0.0, -0.8], [1.5, -0.8], [-1.5, -1.8], [0.0, -1.8], [1.5, -1.8]], "f(x0)": [26.499999999999996, 325.0, 20.499999999999996, 216.5, 65.00000000000001, 210.5, 936.4999999999999, 65.00000000000001, 930.4999999999999, 1646.5, 325.0, 1640.5], "xk": [[0.9889213770537932, 0.9779208614684527], [0.9889193954250675, 0.9779169340865083], [1.0112805621428225, 1.0227332102834612], [0.988919297182889, 0.9779167393809363], [0.9889205065855754, 0.9779191362900529], [0.9889198073114123, 0.9779177504017414], [0.9889212456717698, 0.9779206010827102], [0.9889204101661005, 0.9779189451966726], [0.9889207288113194, 0.9779195767184575], [0.9889193635712168, 0.9779168709555546], [0.9889190527433831, 0.9779162549278605], [0.9889230446447825, 0.9779241664663502]], "f(xk)": [0.00012293505691321013, 0.00012297904000713343, 0.0001274520992233904, 0.0001229812207388188, 0.0001229543763573631, 0.0001229698973665776, 0.00012293797274970676, 0.00012295651641475533, 0.00012294944406532904, 0.00012297974708116638, 0.00012298664677095936, 0.00012289805011619893], "bounds": [-2.0, 2.0, -2.0, 2.0], "alpha": 0.001, "tol": 0.01, "maxiter": 20000, "exp_xkmin": [1.0, 1.0], "exp_fxkmin": 0.0}