{"alg": "particle_swarm", "func": "bartels_conn", "seed": 8517, "ntrials": 12, "x0func": "tilex0", "elapsed_sec": [0.15573420003056526, 0.19066179997753352, 0.0467874999740161, 0.13461469998583198, 0.16140839998843148, 0.0807570000179112, 0.33247690001735464, 0.3127900999970734, 0.13240489998133853, 0.18820739997318015, 0.04488509998191148, 0.04072599997743964], "nsteps": [150, 150, 150, 150, 150, 150, 150, 150, 150, 150, 150, 150], "x0": [[[-3.5, 1.5], [3.5, 1.5], [-3.5, -4.0]], [[3.5, -1.5], [3.5, 4.0], [-3.5, -1.5]], [[-3.5, 1.5], [3.5, -1.5], [-3.5, -4.0]], [[0.0, -4.0], [-3.5, 1.5], [3.5, 4.0]], [[0.0, 4.0], [3.5, -1.5], [0.0, -4.0]], [[0.0, 4.0], [-3.5, -1.5], [3.5, -4.0]], [[0.0, -4.0], [3.5, 4.0], [-3.5, -1.5]], [[3.5, 1.5], [3.5, 4.0], [0.0, -4.0]], [[3.5, -4.0], [3.5, 1.5], [3.5, -1.5]], [[0.0, 4.0], [3.5, -1.5], [-3.5, 1.5]], [[-3.5, -4.0], [-3.5, 4.0], [3.5, 4.0]], [[3.5, 1.5], [-3.5, 1.5], [-3.5, 4.0]]], "f(x0)": [[9.671520429357322, 20.171520429357322, 43.25442684855323], [9.671520429357322, 43.25442684855323, 20.171520429357322], [9.671520429357322, 9.671520429357322, 43.25442684855323], [16.653643620863612, 9.671520429357322, 43.25442684855323], [16.653643620863612, 9.671520429357322, 16.653643620863612], [16.653643620863612, 20.171520429357322, 15.254426848553232], [16.653643620863612, 43.25442684855323, 20.171520429357322], [20.171520429357322, 43.25442684855323, 16.653643620863612], [15.254426848553232, 20.171520429357322, 9.671520429357322], [16.653643620863612, 9.671520429357322, 9.671520429357322], [43.25442684855323, 15.254426848553232, 43.25442684855323], [20.171520429357322, 9.671520429357322, 15.254426848553232]], "xk": [[-0.13363846581242522, -0.7691642264989862], [-0.05817466709294683, 0.6235593150901746], [-0.1609889042431718, 0.041168923617743935], [0.03692547947608471, 0.33738053834953163], [-0.014786859741845682, -0.10818846388681014], [0.24427704650063742, -0.43922093881309454], [0.20258257272650493, -0.6287524064405807], [-0.3022016787201123, -0.3068112333806631], [3.5, -1.5241330034986922], [0.07116603532258947, -0.08770581375639841], [-0.02271701947857574, 0.4178897633902382], [-0.0014340779432575612, 0.07935823162191524]], "f(xk)": [1.5639960448850254, 1.2258822334807575, 1.1804316490124311, 1.1081891324111375, 1.0224628177575716, 1.2922328336609785, 1.3189566584217944, 1.529102177321413, 9.635945518306672, 1.0737775285074076, 1.1023171507253697, 1.0044728448157776], "bounds": [-5.0, 5.0, -5.0, 5.0], "nx0": 3, "omega": 1.0, "p1": 1.0, "p2": 1.0, "niter": 50, "exp_xkmin": [0.0, 0.0], "exp_fxkmin": 1.0}