{"alg": "particle_swarm", "func": "goldstein_price", "seed": 8517, "ntrials": 12, "x0func": "tilex0", "elapsed_sec": [0.14187639600000002, 0.23927336600000004, 0.10816575999999989, 0.087069077, 0.2671284359999999, 0.5824495279999999, 0.6730510810000001, 0.43325703399999993, 0.4559525189999998, 0.5468346410000002, 0.5937904019999998, 0.43052316200000007], "nsteps": [750, 750, 750, 750, 750, 750, 750, 750, 750, 750, 750, 750], "x0": [[[-1.5, 0.8], [1.5, 0.8], [-1.5, -1.8]], [[1.5, -0.8], [1.5, 1.8], [-1.5, -0.8]], [[-1.5, 0.8], [1.5, -0.8], [-1.5, -1.8]], [[0.0, -1.8], [-1.5, 0.8], [1.5, 1.8]], [[0.0, 1.8], [1.5, -0.8], [0.0, -1.8]], [[0.0, 1.8], [-1.5, -0.8], [1.5, -1.8]], [[0.0, -1.8], [1.5, 1.8], [-1.5, -0.8]], [[1.5, 0.8], [1.5, 1.8], [0.0, -1.8]], [[1.5, -1.8], [1.5, 0.8], [1.5, -0.8]], [[0.0, 1.8], [1.5, -0.8], [-1.5, 0.8]], [[-1.5, -1.8], [-1.5, 1.8], [1.5, 1.8]], [[1.5, 0.8], [-1.5, 0.8], [-1.5, 1.8]]], "f(x0)": [[20950.009825440007, 1004.9333966399997, 6239.727090239982], [18667.94037264, 46412.225471040016, 4611.072327839998], [20950.009825440007, 18667.94037264, 6239.727090239982], [20821.394480640003, 20950.009825440007, 46412.225471040016], [160863.31417344007, 18667.94037264, 20821.394480640003], [160863.31417344007, 4611.072327839998, 84413.98588703998], [20821.394480640003, 46412.225471040016, 4611.072327839998], [1004.9333966399997, 46412.225471040016, 20821.394480640003], [84413.98588703998, 1004.9333966399997, 18667.94037264], [160863.31417344007, 18667.94037264, 20950.009825440007], [6239.727090239982, 680751.0395318402, 46412.225471040016], [1004.9333966399997, 20950.009825440007, 680751.0395318402]], "xk": [[-0.036075683808014736, -0.9986675141938394], [0.023668026224964334, -1.0118758351102257], [-0.0005431113154094232, -0.9734201383215736], [0.08218143154037322, -0.9547657660297865], [1.870641757478269, 0.2645893500087939], [-0.06542301151868885, -1.0264215771352214], [0.007621002510058983, -1.0077811542818185], [0.0008052191545848686, -0.9840232679433063], [1.5, 0.01059684714256659], [0.043165520251235434, -0.9625734652756122], [-0.021494509973325054, -0.9997856395477293], [2.0, 0.33279690579500243]], "f(xk)": [3.341776542082436, 3.275558701840839, 3.3023144059493146, 4.677994764941746, 87.84118225385183, 4.0809323039977485, 3.054756601139949, 3.106154521827064, 92.9176330006793, 3.699672195456718, 3.117475535406367, 91.86316782888181], "bounds": [-2.0, 2.0, -2.0, 2.0], "nx0": 3, "omega": 1.0, "p1": 1.0, "p2": 1.0, "niter": 250, "exp_xkmin": [0.0, -1.0], "exp_fxkmin": 3.0}