{"alg": "particle_swarm", "func": "rosenbrock", "seed": 8517, "ntrials": 12, "x0func": "tilex0", "elapsed_sec": [0.019368099980056286, 0.015635000017937273, 0.016460000013466924, 0.048326199990697205, 0.02399160002823919, 0.05933799996273592, 0.13614570000208914, 0.06903010001406074, 0.10235040000407025, 0.07948160002706572, 0.1864593000500463, 0.08124349999707192], "nsteps": [150, 150, 150, 150, 150, 150, 150, 150, 150, 150, 150, 150], "x0": [[[-1.5, 0.8], [1.5, 0.8], [-1.5, -1.8]], [[1.5, -0.8], [1.5, 1.8], [-1.5, -0.8]], [[-1.5, 0.8], [1.5, -0.8], [-1.5, -1.8]], [[0.0, -1.8], [-1.5, 0.8], [1.5, 1.8]], [[0.0, 1.8], [1.5, -0.8], [0.0, -1.8]], [[0.0, 1.8], [-1.5, -0.8], [1.5, -1.8]], [[0.0, -1.8], [1.5, 1.8], [-1.5, -0.8]], [[1.5, 0.8], [1.5, 1.8], [0.0, -1.8]], [[1.5, -1.8], [1.5, 0.8], [1.5, -0.8]], [[0.0, 1.8], [1.5, -0.8], [-1.5, 0.8]], [[-1.5, -1.8], [-1.5, 1.8], [1.5, 1.8]], [[1.5, 0.8], [-1.5, 0.8], [-1.5, 1.8]]], "f(x0)": [[216.5, 210.5, 1646.5], [930.4999999999999, 20.499999999999996, 936.4999999999999], [216.5, 930.4999999999999, 1646.5], [325.0, 216.5, 20.499999999999996], [325.0, 930.4999999999999, 325.0], [325.0, 936.4999999999999, 1640.5], [325.0, 20.499999999999996, 936.4999999999999], [210.5, 20.499999999999996, 325.0], [1640.5, 210.5, 930.4999999999999], [325.0, 930.4999999999999, 216.5], [1646.5, 26.499999999999996, 20.499999999999996], [210.5, 216.5, 26.499999999999996]], "xk": [[1.3088786322746528, 1.6889262925605801], [1.3635775297422148, 1.8452830005100598], [1.0130910066941012, 1.0378506958556486], [0.7878960427698436, 0.6303018622097223], [0.6511022091483645, 0.47521476669422724], [0.6149409210590749, 0.44311385533528325], [1.404424354537736, 2.0], [0.5735007361548058, 0.30335276594793237], [1.5, 2.0], [0.4109160662309921, 0.15457866178736415], [1.426500532788062, 2.0], [-1.3977739229994293, 1.9425870208860119]], "f(xk)": [0.15414913652732753, 0.151958889830762, 0.013390183606661903, 0.054054342904566774, 0.3847004819345543, 0.570270388603911, 0.23969218732143088, 0.24718355030857664, 6.5, 0.36739273789821375, 0.3037300208013059, 5.76183002696583], "bounds": [-2.0, 2.0, -2.0, 2.0], "nx0": 3, "omega": 1.0, "p1": 1.0, "p2": 1.0, "niter": 50, "exp_xkmin": [1.0, 1.0], "exp_fxkmin": 0.0}