{"alg": "particle_swarm", "func": "egg_crate", "seed": 8517, "ntrials": 12, "x0func": "tilex0", "elapsed_sec": [0.3584226880000001, 0.5230688209999999, 0.3034333690000004, 0.2607667359999999, 0.6828538179999999, 0.4058616690000001, 0.2941629990000001, 0.5341489819999996, 0.48084273299999936, 0.5723916900000017, 0.24983089499999878, 0.47685498999999965], "nsteps": [750, 750, 750, 750, 750, 750, 750, 750, 750, 750, 750, 750], "x0": [[[-3.5, 1.5], [3.5, 1.5], [-3.5, -4.0]], [[3.5, -1.5], [3.5, 4.0], [-3.5, -1.5]], [[-3.5, 1.5], [3.5, -1.5], [-3.5, -4.0]], [[0.0, -4.0], [-3.5, 1.5], [3.5, 4.0]], [[0.0, 4.0], [3.5, -1.5], [0.0, -4.0]], [[0.0, 4.0], [-3.5, -1.5], [3.5, -4.0]], [[0.0, -4.0], [3.5, 4.0], [-3.5, -1.5]], [[3.5, 1.5], [3.5, 4.0], [0.0, -4.0]], [[3.5, -4.0], [3.5, 1.5], [3.5, -1.5]], [[0.0, 4.0], [3.5, -1.5], [-3.5, 1.5]], [[-3.5, -4.0], [-3.5, 4.0], [3.5, 4.0]], [[3.5, 1.5], [-3.5, 1.5], [-3.5, 4.0]]], "f(x0)": [[42.45112802821426, 42.45112802821426, 45.64497224331636], [42.45112802821426, 45.64497224331636, 42.45112802821426], [42.45112802821426, 42.45112802821426, 45.64497224331636], [30.318750422607668, 42.45112802821426, 45.64497224331636], [30.318750422607668, 42.45112802821426, 30.318750422607668], [30.318750422607668, 42.45112802821426, 45.64497224331636], [30.318750422607668, 45.64497224331636, 42.45112802821426], [42.45112802821426, 45.64497224331636, 30.318750422607668], [45.64497224331636, 42.45112802821426, 42.45112802821426], [30.318750422607668, 42.45112802821426, 42.45112802821426], [45.64497224331636, 45.64497224331636, 45.64497224331636], [42.45112802821426, 42.45112802821426, 45.64497224331636]], "xk": [[0.17779963298347745, 0.16309161941309736], [0.0765944892899717, 0.014867644196435159], [-0.1597131280308033, -0.028453702179019658], [-0.15239102674368743, -0.12796433808791097], [-0.1793418852622548, 0.08673171290420312], [-0.040103599525135536, -0.08535560381223029], [0.09416060629639356, -3.0293701239393305], [0.1662992197556991, 0.05955698747977678], [3.5, -0.018259012336245828], [0.048071385790738275, -0.016344558048868113], [-0.02522728190369869, 6.725241460614484e-06], [0.21260725786728996, -0.1775766213613803]], "f(xk)": [1.4993332613023056, 0.15799482594983397, 0.6788559827577259, 1.0228353729962316, 1.0227784900469914, 0.2307773710758127, 9.720478656801085, 0.8048092322578191, 15.334889074319461, 0.0669829889184465, 0.01654343581239396, 1.9699418673800868], "bounds": [-5.0, 5.0, -5.0, 5.0], "nx0": 3, "omega": 1.0, "p1": 1.0, "p2": 1.0, "niter": 250, "exp_xkmin": [0.0, 0.0], "exp_fxkmin": 0.0}