{"alg": "simulated_annealing", "func": "goldstein_price", "seed": 8517, "ntrials": 12, "x0func": "tilex0", "elapsed_sec": [1.5764390000258572, 1.4382157999789342, 1.007465599977877, 1.6097331999917515, 1.121705400000792, 1.438132899987977, 1.2108109000255354, 1.2897074000211433, 0.8418284000363201, 1.1455964999622665, 0.9716387999942526, 1.0893799000186846], "nsteps": [1500, 1500, 1500, 1500, 1500, 1500, 1500, 1500, 1500, 1500, 1500, 1500], "x0": [[-1.5, 1.8], [0.0, 1.8], [1.5, 1.8], [-1.5, 0.8], [0.0, 0.8], [1.5, 0.8], [-1.5, -0.8], [0.0, -0.8], [1.5, -0.8], [-1.5, -1.8], [0.0, -1.8], [1.5, -1.8]], "f(x0)": [680751.0395318402, 160863.31417344007, 46412.225471040016, 20950.009825440007, 14764.624343040006, 1004.9333966399997, 4611.072327839998, 27.483402239999972, 18667.94037264, 6239.727090239982, 20821.394480640003, 84413.98588703998], "xk": [[2.0, 0.3304531191166069], [2.0, 0.3332840194558183], [1.9206989556060576, 0.2684101544771733], [1.7412978423757641, 0.1687010149802345], [1.8387137816500423, 0.2415434376116613], [0.02865821533430224, -0.9678104962363823], [-0.011239732778146938, -1.0272144569385289], [-0.023947932789852522, -1.012057494936495], [-0.035351314602595885, -1.0024776949783483], [-0.02399201693839359, -0.9904943772712664], [0.0902560640041219, -0.8957285470289663], [0.04020541442617176, -0.9132152898390683]], "f(xk)": [91.81875605533924, 91.88628321311245, 87.64878978711548, 84.95541388586935, 86.57017162064189, 3.447724460575945, 3.3004052043448078, 3.147975573352844, 3.304227190371942, 3.226218784602068, 7.955791938812949, 6.242035247467267], "bounds": [-2.0, 2.0, -2.0, 2.0], "mean": [1.0, 1.0], "cov": [[1.0, 0.0], [0.0, 1.0]], "T0": 1.0, "niter": 1500, "exp_xkmin": [0.0, -1.0], "exp_fxkmin": 3.0}