{"alg": "simulated_annealing", "func": "bartels_conn", "seed": 8517, "ntrials": 12, "x0func": "tilex0", "elapsed_sec": [0.30571809998946264, 0.15244919998804107, 0.22129170002881438, 0.056986299983691424, 0.1289829000015743, 0.2517764999647625, 0.28188120003324, 0.2619822000269778, 0.138479900022503, 0.12253789999522269, 0.23532480001449585, 0.17331280000507832], "nsteps": [200, 200, 200, 200, 200, 200, 200, 200, 200, 200, 200, 200], "x0": [[-3.5, 4.0], [0.0, 4.0], [3.5, 4.0], [-3.5, 1.5], [0.0, 1.5], [3.5, 1.5], [-3.5, -1.5], [0.0, -1.5], [3.5, -1.5], [-3.5, -4.0], [0.0, -4.0], [3.5, -4.0]], "f(x0)": [15.254426848553232, 16.653643620863612, 43.25442684855323, 9.671520429357322, 2.320737201667703, 20.171520429357322, 20.171520429357322, 2.320737201667703, 9.671520429357322, 43.25442684855323, 16.653643620863612, 15.254426848553232], "xk": [[0.04664386522449948, 0.3108638269005827], [-0.0688292405652069, 0.0403332095641864], [1.208743300778196, 3.704374965372688], [0.14740929552728688, -0.029010208067514642], [0.03054719832502517, 0.09456386910858061], [0.059289090097265684, 0.1678877588851242], [-0.058581386494553134, 0.2718478175570631], [-0.022572952240148103, 0.20185116250644997], [-0.16135056497540656, 0.3805702373428136], [0.04787048279977324, -0.3978388738833746], [0.04059618265862619, -0.012530716706077971], [0.15859773459576665, 0.13366911672672477]], "f(xk)": [1.1120085098401826, 1.071549761753935, 21.442038205772775, 1.1647499718599064, 1.038838733938276, 1.0868496909228034, 1.0832320587868665, 1.0389652182407336, 1.1985668349592058, 1.1112752400294872, 1.0418028940607305, 1.2132335666268437], "bounds": [-5.0, 5.0, -5.0, 5.0], "mean": [1.0, 1.0], "cov": [[1.0, 0.0], [0.0, 1.0]], "T0": 1.0, "niter": 200, "exp_xkmin": [0.0, 0.0], "exp_fxkmin": 1.0}