{"alg": "simulated_annealing", "func": "egg_crate", "seed": 8517, "ntrials": 12, "x0func": "tilex0", "elapsed_sec": [1.1931941999937408, 1.481831399956718, 1.014909599965904, 1.2900037000072189, 0.9886012999922968, 1.0621317999903113, 1.6421214999863878, 0.903741100046318, 1.2365159999462776, 1.21355179999955, 3.606265699956566, 1.4923584999633022], "nsteps": [1500, 1500, 1500, 1500, 1500, 1500, 1500, 1500, 1500, 1500, 1500, 1500], "x0": [[-3.5, 4.0], [0.0, 4.0], [3.5, 4.0], [-3.5, 1.5], [0.0, 1.5], [3.5, 1.5], [-3.5, -1.5], [0.0, -1.5], [3.5, -1.5], [-3.5, -4.0], [0.0, -4.0], [3.5, -4.0]], "f(x0)": [45.64497224331636, 30.318750422607668, 45.64497224331636, 42.45112802821426, 27.124906207505568, 42.45112802821426, 42.45112802821426, 27.124906207505568, 42.45112802821426, 45.64497224331636, 30.318750422607668, 45.64497224331636], "xk": [[-0.00873260443955437, -0.026783305818288472], [2.9611728283848624, 3.003309311418311], [2.982831066654355, 2.951974984589126], [-0.002936834922069531, 3.0208104005452894], [0.014494413309635523, -0.05506319092534406], [-0.04777691756001423, 2.949740773087968], [0.02079634675079689, -0.05177519064310321], [0.0197221982437511, 0.051749965523688934], [2.9860873518566167, 0.02953718884336476], [-0.02568194919460509, -0.05645236635002604], [0.0015847162533750847, -0.00015844488889626973], [3.011586487387033, 0.0019300721745738603]], "f(xk)": [0.020629363867278417, 19.068420152985546, 19.12444216709278, 9.488458487460575, 0.08421617521913512, 9.669219847680903, 0.08088069800550464, 0.07968161887366626, 9.539085035484375, 0.09991901330304748, 6.594713748820456e-05, 9.489914930047506], "bounds": [-5.0, 5.0, -5.0, 5.0], "mean": [1.0, 1.0], "cov": [[1.0, 0.0], [0.0, 1.0]], "T0": 1.0, "niter": 1500, "exp_xkmin": [0.0, 0.0], "exp_fxkmin": 0.0}