{"alg": "simulated_annealing", "func": "rosenbrock", "seed": 8517, "ntrials": 12, "x0func": "tilex0", "elapsed_sec": [0.05970889999298379, 0.06050299998605624, 0.1521616000100039, 0.22914879996096715, 0.27660830004606396, 0.20832189999055117, 0.555656699987594, 0.3354392000474036, 0.5186894999933429, 0.430875499965623, 0.46961430000374094, 0.28097839996917173], "nsteps": [200, 200, 200, 200, 200, 200, 200, 200, 200, 200, 200, 200], "x0": [[-1.5, 1.8], [0.0, 1.8], [1.5, 1.8], [-1.5, 0.8], [0.0, 0.8], [1.5, 0.8], [-1.5, -0.8], [0.0, -0.8], [1.5, -0.8], [-1.5, -1.8], [0.0, -1.8], [1.5, -1.8]], "f(x0)": [26.499999999999996, 325.0, 20.499999999999996, 216.5, 65.00000000000001, 210.5, 936.4999999999999, 65.00000000000001, 930.4999999999999, 1646.5, 325.0, 1640.5], "xk": [[1.4108344121754552, 2.0], [1.3439083440269683, 1.7823393347139573], [1.0885031640965734, 1.1985215945099144], [1.4004959286833736, 2.0], [1.3823893812741037, 2.0], [1.35717457917279, 1.8791428352569302], [1.1115674788634875, 1.2341299410163973], [0.8757365464082185, 0.7745743614819021], [1.412154654426438, 2.0], [1.4050239349278424, 2.0], [1.405450093956733, 2.0], [1.2621676247211238, 1.5756630849101416]], "f(xk)": [0.17789802494038554, 0.1746806356494354, 0.026553770990335533, 0.3094791082153496, 0.9383144929500011, 0.26610649696130867, 0.012658225402408676, 0.021308755659343516, 0.17325780525111573, 0.2311654988685123, 0.22544835373766098, 0.09902188245877794], "bounds": [-2.0, 2.0, -2.0, 2.0], "mean": [1.0, 1.0], "cov": [[1.0, 0.0], [0.0, 1.0]], "T0": 1.0, "niter": 200, "exp_xkmin": [1.0, 1.0], "exp_fxkmin": 0.0}